Player,Position,Team,Opp.,PaCom,PaAtt,PaYds,PaTD,PaINT,RuAtt,RuYds,RuTD,Fum.,Tar,Rec,ReYds,ReTD,FPTS
Bijan Robinson,RB,ATL,,0,0,0,0,0,280.9,1299.1,11.2,,73.6,57.7,449.5,2.2,284.1
Ja'Marr Chase,WR,CIN,,0,0,0,0,0,4.5,21.5,0.1,,155.7,110.1,1446.6,11.2,269.7
Saquon Barkley,RB,PHI,,0,0,0,0,0,305,1494.7,11.1,,56.4,42.3,336.4,1.8,281.7
Jahmyr Gibbs,RB,DET,,0,0,0,0,0,223,1115.4,10.8,,75.8,55.4,491.3,2.8,270
Josh Allen,QB,BUF,,334.9,518.1,3870.1,27.4,11.9,105.7,539.7,10.8,,0,0,0,0,426.1
Christian McCaffrey,RB,SF,,0,0,0,0,0,240.6,1105.2,8,,80.5,64.4,537,3.1,263
Justin Jefferson,WR,MIN,,0,0,0,0,0,1.5,8.5,0.1,,160.1,106.2,1365.7,9.7,249.3
Lamar Jackson,QB,BAL,,300.4,451.6,3612.4,29.7,9.8,134.7,823.7,4.2,,0,0,0,0,420.5
Ashton Jeanty,RB,LV,,0,0,0,0,0,273.5,1228.4,8.2,,74.1,58.4,441.5,2,257.4
Brock Bowers,TE,LV,,0,0,0,0,0,3,9,0,,138.2,102,1071.6,5.2,190.3
Derrick Henry,RB,BAL,,0,0,0,0,0,291.4,1395.1,13.7,,22.9,17.9,151.2,0.9,251.2
CeeDee Lamb,WR,DAL,,0,0,0,0,0,9.5,57.8,0.3,,152.1,104.7,1297.7,7.7,235.9
De'Von Achane,RB,MIA,,0,0,0,0,0,201.3,928.6,8.2,,80.9,67.3,511.8,3.5,247.9
Trey McBride,TE,ARZ,,0,0,0,0,0,0,0,0,,134.7,101.5,987.5,5.2,180.7
Jonathan Taylor,RB,IND,,0,0,0,0,0,309.4,1400.2,10.6,,37.8,27,209.2,0.9,243.4
Puka Nacua,WR,LAR,,0,0,0,0,0,11.9,67.2,0.7,,146.1,99.6,1313,6.5,231
Malik Nabers,WR,NYG,,0,0,0,0,0,3.5,20.7,0.1,,156.5,99.1,1308.3,7.8,229.9
Jayden Daniels,QB,WAS,,336.8,503.2,3747.8,25.3,11.2,134.2,741.1,6.3,,0,0,0,0,402.4
Bucky Irving,RB,TB,,0,0,0,0,0,244.4,1149.6,7.9,,59.8,48.7,378.5,2.4,239
Josh Jacobs,RB,GB,,0,0,0,0,0,273.8,1167.2,10.8,,47.8,37.9,294.8,1.3,237.8
George Kittle,TE,SF,,0,0,0,0,0,0.5,2.5,0,,96.7,75.5,941.1,6.7,172.3
Kyren Williams,RB,LAR,,0,0,0,0,0,274.7,1195.5,11.2,,40.8,31.9,212.3,1.7,234.1
Joe Burrow,QB,CIN,,400.5,586.3,4411.5,33.8,12.5,47,177,2,,0,0,0,0,396.5
Chase Brown,RB,CIN,,0,0,0,0,0,241.3,1016,7.4,,73.9,59.8,412.6,2.4,231.6
Nico Collins,WR,HOU,,0,0,0,0,0,1,4.1,0.1,,135.7,93,1271.9,7.6,220.3
Jalen Hurts,QB,PHI,,294,446.4,3424.4,20.6,10.7,145.5,635.8,12.9,,0,0,0,0,390.9
Brian Thomas Jr.,WR,JAX,,0,0,0,0,0,4.6,26,0.1,,144.1,92.2,1257.7,7,217.1
Amon-Ra St. Brown,WR,DET,,0,0,0,0,0,4.9,28.4,0,,134.5,103.5,1145,7.7,215.3
Kenneth Walker III,RB,SEA,,0,0,0,0,0,243,1024.4,8,,59.7,47.6,345.7,1.8,219.6
Drake London,WR,ATL,,0,0,0,0,0,0,0,0,,148.4,93.5,1167.8,7.8,210.3
Breece Hall,RB,NYJ,,0,0,0,0,0,240.7,1049.5,5.6,,66.2,49.9,414,2.1,217.5
James Cook,RB,BUF,,0,0,0,0,0,218.2,1009.8,9.9,,40.5,33.3,263,1.9,214.7
Omarion Hampton,RB,LAC,,0,0,0,0,0,226.6,1005.3,8.6,,50.4,39,286.3,1.8,211.1
James Conner,RB,ARZ,,0,0,0,0,0,220.3,985.4,8.5,,45.7,39.7,304.9,1.6,209.5
Patrick Mahomes,QB,KC,,387.4,578.3,4193.5,28.8,12.1,65,326,2.5,,0,0,0,0,376
A.J. Brown,WR,PHI,,0,0,0,0,0,0.9,3.8,0,,127.1,81.5,1176.4,7.4,203.2
Ladd McConkey,WR,LAC,,0,0,0,0,0,0,0,0,,135,92.2,1159.3,6.6,201.6
Chuba Hubbard,RB,CAR,,0,0,0,0,0,243.6,1083.7,7.1,,54.8,43.1,274,1.1,206.5
Tee Higgins,WR,CIN,,0,0,0,0,0,1.5,8.5,0.1,,127.2,84.8,1062.2,8.1,198.7
Baker Mayfield,QB,TB,,358.7,546.3,3981.5,31,12.9,56.5,274.5,1.8,,0,0,0,0,370.6
Sam LaPorta,TE,DET,,0,0,0,0,0,0,0,0,,93.8,68.3,727.6,6.2,144.1
Tyreek Hill,WR,MIA,,0,0,0,0,0,6.4,37.9,0.1,,121.2,83.8,1065.2,7,194.8
Davante Adams,WR,LAR,,0,0,0,0,0,0,0,0,,126.9,78.7,1037,8.6,194.7
Alvin Kamara,RB,NO,,0,0,0,0,0,187,781.6,5,,81.4,61.5,480.2,1.8,197.7
TreVeyon Henderson,RB,NE,,0,0,0,0,0,218.9,953.4,6.1,,53.8,41.3,318.5,1.8,195.2
Jaxon Smith-Njigba,WR,SEA,,0,0,0,0,0,4.6,27.8,0.1,,129.2,87.5,1071.7,6.2,191.5
D'Andre Swift,RB,CHI,,0,0,0,0,0,234.4,966.1,7.2,,46.5,35.9,277,1,191.5
Garrett Wilson,WR,NYJ,,0,0,0,0,0,4.2,20.5,0.1,,140.2,87.6,1122.9,5.2,189.9
T.J. Hockenson,TE,MIN,,0,0,0,0,0,0,0,0,,110.3,76.4,767,3.9,138.3
Mike Evans,WR,TB,,0,0,0,0,0,0,0,0,,115.6,75.8,990.3,8.4,187.3
Marvin Harrison Jr.,WR,ARZ,,0,0,0,0,0,1,4,0.1,,129,77,1051.4,6.8,185.4
Kaleb Johnson,RB,PIT,,0,0,0,0,0,244,1032.5,7.3,,35,26.7,190.3,0.9,184.8
Travis Kelce,TE,KC,,0,0,0,0,0,0,0,0,,98,72,695.6,4.8,134.4
Terry McLaurin,WR,WAS,,0,0,0,0,0,1.9,10.2,0,,117.7,78.4,1035.7,6.7,184
David Njoku,TE,CLE,,0,0,0,0,0,0,0,0,,101.8,68.5,668.4,5.2,132.3
DJ Moore,WR,CHI,,0,0,0,0,0,7.3,40.5,0.1,,125.5,83,1001.6,6,182.3
RJ Harvey,RB,DEN,,0,0,0,0,0,181.4,778.9,5.1,,61.1,47,361.5,2,180.1
Mark Andrews,TE,BAL,,0,0,0,0,0,5,13.5,0.1,,74.4,55.4,616.7,6.6,130.9
Bo Nix,QB,DEN,,352.8,530.7,3709.1,25.6,12,79.1,386.1,4,,0,0,0,0,352.6
David Montgomery,RB,DET,,0,0,0,0,0,184.8,768.6,9.5,,36.5,30.5,232.4,1.1,179
Xavier Worthy,WR,KC,,0,0,0,0,0,16,87.3,1.7,,104.6,68.5,883.4,6.5,180.5
DK Metcalf,WR,PIT,,0,0,0,0,0,0,0,0,,124.5,74.5,1041,6.2,178.6
Tony Pollard,RB,TEN,,0,0,0,0,0,214.2,919.2,5,,54.4,40.8,273.9,1,175.7
Jameson Williams,WR,DET,,0,0,0,0,0,10.9,73.9,0.8,,106.3,64.4,1009.3,5.5,178.3
Courtland Sutton,WR,DEN,,0,0,0,0,0,0,0,0,,119.1,71.4,945.3,7.7,176.4
Kyler Murray,QB,ARZ,,352.1,522.1,3676.2,21.6,12.1,85,552.7,4.8,,0,0,0,0,348.6
Isiah Pacheco,RB,KC,,0,0,0,0,0,195.4,833,6,,45.5,36.9,256.8,1.5,172.4
Brock Purdy,QB,SF,,339.4,506.7,4182.2,24.4,12.2,55.8,243.8,3.7,,0,0,0,0,348.1
Rashee Rice,WR,KC,,0,0,0,0,0,1.6,8.6,0,,110.3,83.3,966.5,6.1,175.8
Aaron Jones Sr.,RB,MIN,,0,0,0,0,0,173.6,768.3,4.3,,56.5,43.9,329,2.1,170.1
DeVonta Smith,WR,PHI,,0,0,0,0,0,1,4,0,,107.4,79.4,949.6,6.1,171.7
Tetairoa McMillan,WR,CAR,,0,0,0,0,0,1,4.1,0,,120.1,74.5,991.1,5.8,171.6
Jaylen Waddle,WR,MIA,,0,0,0,0,0,4.5,24.7,0.1,,111.8,78.5,984.7,5,170.8
Joe Mixon,RB,HOU,,0,0,0,0,0,177,738.9,7.3,,38.6,29.2,232,1.4,163.9
Dak Prescott,QB,DAL,,370.3,554.4,4099.6,26.8,11.8,46.2,185.2,1.8,,0,0,0,0,342.3
Brian Robinson Jr.,RB,WAS,,0,0,0,0,0,195.5,829.5,7.7,,28.2,22.9,173.9,0.9,163.4
Calvin Ridley,WR,TEN,,0,0,0,0,0,4.9,28.2,0,,122.9,65.7,972.9,6.1,169.6
Jaylen Warren,RB,PIT,,0,0,0,0,0,148.7,648,4,,64.4,50.8,370.3,1.9,162.6
Zay Flowers,WR,BAL,,0,0,0,0,0,7.2,42.5,0.1,,105.5,68.5,949.1,5.8,168.8
Evan Engram,TE,DEN,,0,0,0,0,0,1,3,0,,95.5,70.7,649.5,3.3,120.4
Tucker Kraft,TE,GB,,0,0,0,0,0,0,0,0,,83.5,58.5,665.3,4.1,120.4
George Pickens,WR,DAL,,0,0,0,0,0,2,9.9,0,,106.8,65.7,946.2,6.6,168.1
Travis Hunter,WR,JAX,,0,0,0,0,0,5.2,30.3,0.1,,112,74.1,917.4,5.8,167.2
Tyrone Tracy Jr.,RB,NYG,,0,0,0,0,0,183.9,794.5,4.6,,46.2,34.2,259.8,1.1,156.7
Colston Loveland,TE,CHI,,0,0,0,0,0,0,0,0,,85.2,57.7,630.5,4.2,117.1
Rome Odunze,WR,CHI,,0,0,0,0,0,2.5,13.9,0,,111.3,65.7,906.4,6.3,162.7
Tyler Warren,TE,IND,,0,0,0,0,0,4.2,17.8,0.1,,80.7,54.8,594.3,4.5,116.2
Cam Skattebo,RB,NYG,,0,0,0,0,0,172.2,734.3,4.5,,44.8,35.2,257.7,1.2,151
Jerry Jeudy,WR,CLE,,0,0,0,0,0,1,3.9,0,,121.6,77.6,1016.3,3.2,160
Chris Olave,WR,NO,,0,0,0,0,0,0,0,0,,121.2,78.6,967.4,3.9,159.4
Jordan Mason,RB,MIN,,0,0,0,0,0,191.9,881.3,5.5,,25.7,19.6,143.6,0.4,147.7
Dallas Goedert,TE,PHI,,0,0,0,0,0,1.4,5.8,0,,73.3,57.4,612.3,3.7,112.7
Jared Goff,QB,DET,,371.8,547,4215.8,27.7,12.4,30.6,50.4,0.9,,0,0,0,0,332.9
Jauan Jennings,WR,SF,,0,0,0,0,0,0,0,0,,104,68.1,926.7,5.1,157.3
Dalton Kincaid,TE,BUF,,0,0,0,0,0,0,0,0,,82.7,53.8,613.5,3.8,111.1
Deebo Samuel,WR,WAS,,0,0,0,0,0,27.6,139.2,1.7,,87.1,56.6,773.9,4.2,155
Caleb Williams,QB,CHI,,330.4,524,3686.3,23.8,12.4,74.6,430.1,1.7,,0,0,0,0,331.1
Jakobi Meyers,WR,LV,,0,0,0,0,0,2,9.9,0,,109.7,76.6,871.6,4.7,154.7
Ricky Pearsall,WR,SF,,0,0,0,0,0,2.1,15.3,0,,104.5,67.2,928.8,4.2,153.2
Jake Ferguson,TE,DAL,,0,0,0,0,0,0,0,0,,85.2,59.8,576.3,3.7,109.7
Travis Etienne Jr.,RB,JAX,,0,0,0,0,0,138.8,571.1,3.5,,55.5,42.1,324.1,1.2,138.8
Stefon Diggs,WR,NE,,0,0,0,0,0,1.6,10.3,0,,107.6,75.4,870.1,4.5,152.7
Justin Herbert,QB,LAC,,356.9,543.4,3929,23.7,11.5,61.3,260.5,2.6,,0,0,0,0,329.5
Jordan Addison,WR,MIN,,0,0,0,0,0,1.6,9.3,0,,105.8,65.6,828.9,5.9,152
Justin Fields,QB,NYJ,,286.1,453.9,3175.3,16.7,11.4,145.1,743.2,6.5,,0,0,0,0,329.1
J.J. McCarthy,QB,MIN,,340.8,528.1,3757.9,26.2,12.8,54.9,229.1,1.9,,0,0,0,0,329
Drake Maye,QB,NE,,335.9,510.3,3561.9,22.3,12.7,78.2,497.5,2.6,,0,0,0,0,328.9
Hunter Henry,TE,NE,,0,0,0,0,0,0,0,0,,77.4,52.6,556.3,4.4,108.3
Matthew Golden,WR,GB,,0,0,0,0,0,0,0,0,,100.5,60.5,838,5.7,148.3
Jordan Love,QB,GB,,333.6,517.9,3871.5,26,12.2,40,149.9,1.9,,0,0,0,0,325.1
Zach Ertz,TE,WAS,,0,0,0,0,0,0,0,0,,76.8,54.1,511.3,4.6,105.8
Tank Bigsby,RB,JAX,,0,0,0,0,0,172.6,747.8,6,,23.1,17.1,120,0.2,132.5
Khalil Shakir,WR,BUF,,0,0,0,0,0,1.5,7.3,0,,97.6,73,823.7,4.5,146.6
Jayden Reed,WR,GB,,0,0,0,0,0,15.3,107.5,1,,82.6,56.6,716.4,4.8,145.5
J.K. Dobbins,RB,DEN,,0,0,0,0,0,144.7,639.5,4.6,,35.9,28.4,192.2,1,131
Chris Godwin,WR,TB,,0,0,0,0,0,1.4,8.2,0,,89.8,66.5,772.6,5.4,143.7
Isaiah Likely,TE,BAL,,0,0,0,0,0,0,0,0,,62,42.8,507.3,5.2,103.3
Rhamondre Stevenson,RB,NE,,0,0,0,0,0,158.7,656.2,5.3,,29.5,22.5,154.4,0.8,128.9
Michael Pittman Jr.,WR,IND,,0,0,0,0,0,0,0,0,,110.1,72.8,851.5,3.5,142.6
Emeka Egbuka,WR,TB,,0,0,0,0,0,2.5,17.3,0,,95.1,60.5,779.6,5.4,142.3
Tyjae Spears,RB,TEN,,0,0,0,0,0,125.5,527.2,3.5,,49.7,38.2,283.6,1.1,127.8
Darnell Mooney,WR,ATL,,0,0,0,0,0,1.5,8.7,0.1,,100.6,60.8,834,4.4,141.7
Chig Okonkwo,TE,TEN,,0,0,0,0,0,0,0,0,,76.6,54.4,557.8,3.2,102.2
Quinshon Judkins,RB,CLE,,0,0,0,0,0,153.9,636.5,3.9,,34.5,27.4,199.3,1,126.7
Trevor Lawrence,QB,JAX,,346.6,537.5,3875,21.4,12.9,57.9,270.7,3.5,,0,0,0,0,318.6
Brenton Strange,TE,JAX,,0,0,0,0,0,0,0,0,,79.1,56.1,541.8,3.2,101.4
Keon Coleman,WR,BUF,,0,0,0,0,0,1,3.8,0,,86.5,48.5,755.9,6.4,138.6
Mike Gesicki,TE,CIN,,0,0,0,0,0,0,0,0,,70.8,52,504.1,3.7,98.6
Brandon Aubrey,K,DAL,,0,0,0,0,0,0,0,0,,0,0,0,0,186.9
Chase McLaughlin,K,TB,,0,0,0,0,0,0,0,0,,0,0,0,0,185.6
Cameron Dicker,K,LAC,,0,0,0,0,0,0,0,0,,0,0,0,0,184.9
Denver Broncos,DST,DEN,,0,0,0,0,0,0,0,0,,0,0,0,0,122.7
Jake Bates,K,DET,,0,0,0,0,0,0,0,0,,0,0,0,0,180.8
Wil Lutz,K,DEN,,0,0,0,0,0,0,0,0,,0,0,0,0,179.6
Minnesota Vikings,DST,MIN,,0,0,0,0,0,0,0,0,,0,0,0,0,119.9
Houston Texans,DST,HOU,,0,0,0,0,0,0,0,0,,0,0,0,0,119.4
Baltimore Ravens,DST,BAL,,0,0,0,0,0,0,0,0,,0,0,0,0,118.5
Pittsburgh Steelers,DST,PIT,,0,0,0,0,0,0,0,0,,0,0,0,0,118.4
Harrison Butker,K,KC,,0,0,0,0,0,0,0,0,,0,0,0,0,175.8
Buffalo Bills,DST,BUF,,0,0,0,0,0,0,0,0,,0,0,0,0,117
Tyler Bass,K,BUF,,0,0,0,0,0,0,0,0,,0,0,0,0,174.8
Chris Boswell,K,PIT,,0,0,0,0,0,0,0,0,,0,0,0,0,174
Philadelphia Eagles,DST,PHI,,0,0,0,0,0,0,0,0,,0,0,0,0,116.1
Detroit Lions,DST,DET,,0,0,0,0,0,0,0,0,,0,0,0,0,115.9
Seattle Seahawks,DST,SEA,,0,0,0,0,0,0,0,0,,0,0,0,0,115.2
Evan McPherson,K,CIN,,0,0,0,0,0,0,0,0,,0,0,0,0,172.4
Tyler Loop,K,BAL,,0,0,0,0,0,0,0,0,,0,0,0,0,171.2
Dallas Cowboys,DST,DAL,,0,0,0,0,0,0,0,0,,0,0,0,0,113.4
C.J. Stroud,QB,HOU,,339.2,526,4011.3,22.6,11.9,49.1,221.6,1.3,,0,0,0,0,314.1
Zach Charbonnet,RB,SEA,,0,0,0,0,0,130.4,554.9,4.2,,42.2,33.5,241.4,0.6,125.2
Cooper Kupp,WR,SEA,,0,0,0,0,0,1.8,9.3,0,,93.6,62.4,740.1,4.5,133.1
Josh Downs,WR,IND,,0,0,0,0,0,1,4.2,0,,101.7,68.1,765.8,3.4,131.5
Jayden Higgins,WR,HOU,,0,0,0,0,0,0,0,0,,89.4,56.7,768.4,4.2,130.4
Rashid Shaheed,WR,NO,,0,0,0,0,0,5.6,33.9,0.1,,88.9,52.5,772.5,3.6,129.1
Rachaad White,RB,TB,,0,0,0,0,0,116.9,496,3,,37.4,31.5,234.5,1.8,117.6
Javonte Williams,RB,DAL,,0,0,0,0,0,127,505.1,4,,37.7,28.8,197,1.1,115.2
Marvin Mims Jr.,WR,DEN,,0,0,0,0,0,13.6,74.7,0.6,,72.1,46.4,622.7,4.6,124.1
Cedric Tillman,WR,CLE,,0,0,0,0,0,0,0,0,,96.2,56.6,723.9,3.3,120.5
Najee Harris,RB,LAC,,0,0,0,0,0,134.7,548,4.6,,25.6,19.8,136.2,0.9,111.3
Christian Kirk,WR,HOU,,0,0,0,0,0,1.2,4.9,0.1,,84.7,53.9,686.5,3.8,119.5
Luther Burden III,WR,CHI,,0,0,0,0,0,5.9,34.8,0.1,,82.4,53.7,638.4,3.8,117.6
Joshua Karty,K,LAR,,0,0,0,0,0,0,0,0,,0,0,0,0,165.4
Chad Ryland,K,ARZ,,0,0,0,0,0,0,0,0,,0,0,0,0,163.5
Brandon McManus,K,GB,,0,0,0,0,0,0,0,0,,0,0,0,0,164.5
Trey Benson,RB,ARZ,,0,0,0,0,0,125.2,547.8,3.5,,26.5,20.6,150.3,0.9,106.5
Rashod Bateman,WR,BAL,,0,0,0,0,0,1,4.2,0,,70,44.2,615.1,4.6,111.6
Harrison Mevis,K,NYJ,,0,0,0,0,0,0,0,0,,0,0,0,0,152.9
Marquise Brown,WR,KC,,0,0,0,0,0,0,0,0,,80.4,46.7,618.9,3.9,108.6
Jerome Ford,RB,CLE,,0,0,0,0,0,110,482.7,2.5,,37.5,29.5,201.9,0.6,101.8
Jaydon Blue,RB,DAL,,0,0,0,0,0,124.8,528,2.9,,28.2,21.9,155.5,0.7,100.9
Tua Tagovailoa,QB,MIA,,355.2,521.9,4020.5,25.3,12.4,31.3,90.9,0.8,,0,0,0,0,314.1
Brandon Aiyuk,WR,SF,,0,0,0,0,0,1.4,8.5,0,,65.2,41.1,604,3.6,103.4
Austin Ekeler,RB,WAS,,0,0,0,0,0,62,278.2,2.7,,42.5,35,292.9,1.4,99.2
Braelon Allen,RB,NYJ,,0,0,0,0,0,127.5,535.1,3,,25,18.4,134.7,0.4,96.6
Geno Smith,QB,LV,,356.3,533.2,3860.2,20.6,12.6,53,252.1,1.8,,0,0,0,0,301.4
Matthew Stafford,QB,LAR,,346.8,532.3,4031.8,25.4,12.5,28.5,47.2,0.7,,0,0,0,0,310.1
Ray Davis,RB,BUF,,0,0,0,0,0,122.4,514.1,3.9,,16.3,13.1,103.4,0.5,94.7
Joshua Palmer,WR,BUF,,0,0,0,0,0,0,0,0,,71,45.9,580.6,3.6,102.6
Tyler Allgeier,RB,ATL,,0,0,0,0,0,119.3,527.7,3.8,,15.5,13.1,99,0.4,94.4
Romeo Doubs,WR,GB,,0,0,0,0,0,0,0,0,,70.6,44.3,545.1,3.9,100.1
Bhayshul Tuten,RB,JAX,,0,0,0,0,0,107,466.2,2.9,,27.3,20.9,154,0.5,92.9
Bryce Young,QB,CAR,,333.1,525.6,3530.9,20,12.5,50.3,283.3,3.1,,0,0,0,0,295.7
Jonnu Smith,TE,PIT,,0,0,0,0,0,3.3,12.2,0,,68.5,49.8,513.5,3.2,96.7
Elijah Arroyo,TE,SEA,,0,0,0,0,0,0,0,0,,69.6,48,513.1,3.6,96.9
Kyle Williams,WR,NE,,0,0,0,0,0,1.8,7.3,0,,68,43.8,567.9,3.2,98.6
Younghoe Koo,K,ATL,,0,0,0,0,0,0,0,0,,0,0,0,0,167.8
Mason Taylor,TE,NYJ,,0,0,0,0,0,0,0,0,,71.9,50.1,522,3.1,95.9
Los Angeles Rams,DST,LAR,,0,0,0,0,0,0,0,0,,0,0,0,0,113.1
Adam Thielen,WR,CAR,,0,0,0,0,0,0,0,0,,70.5,52,533.1,3.2,98.5
Jake Elliott,K,PHI,,0,0,0,0,0,0,0,0,,0,0,0,0,169.3
Quentin Johnston,WR,LAC,,0,0,0,0,0,0.8,5,0,,68,39.7,543.9,3.7,96.9
Kansas City Chiefs,DST,KC,,0,0,0,0,0,0,0,0,,0,0,0,0,112.3
Dylan Sampson,RB,CLE,,0,0,0,0,0,102.5,439.9,2.4,,26.7,21,148.4,0.9,89.1
Cade Otton,TE,TB,,0,0,0,0,0,0,0,0,,67.4,45.5,474,4.1,94.8
Michael Penix Jr.,QB,ATL,,325,510.3,3694.7,21.7,12.5,44.1,169.2,2.3,,0,0,0,0,296.2
Green Bay Packers,DST,GB,,0,0,0,0,0,0,0,0,,0,0,0,0,111.7
Anthony Richardson Sr.,QB,IND,,217.1,369.8,2599.9,14,9.4,111.7,592.2,7.1,,0,0,0,0,280.4
Ka'imi Fairbairn,K,HOU,,0,0,0,0,0,0,0,0,,0,0,0,0,170.6
Jake Moody,K,SF,,0,0,0,0,0,0,0,0,,0,0,0,0,165.6
Cam Little,K,JAX,,0,0,0,0,0,0,0,0,,0,0,0,0,163.4
Jason Sanders,K,MIA,,0,0,0,0,0,0,0,0,,0,0,0,0,166.5
Xavier Legette,WR,CAR,,0,0,0,0,0,4.2,23.1,0,,71.7,43.5,535.2,3.1,96.2
Los Angeles Chargers,DST,LAC,,0,0,0,0,0,0,0,0,,0,0,0,0,110.7
Pat Freiermuth,TE,PIT,,0,0,0,0,0,0,0,0,,68.3,51.6,476,3.3,93.2
San Francisco 49ers,DST,SF,,0,0,0,0,0,0,0,0,,0,0,0,0,110.2
DeMario Douglas,WR,NE,,0,0,0,0,0,3.7,20.9,0.1,,66.7,46.5,528.9,2.8,95.6
Arizona Cardinals,DST,ARZ,,0,0,0,0,0,0,0,0,,0,0,0,0,109.8
Tampa Bay Buccaneers,DST,TB,,0,0,0,0,0,0,0,0,,0,0,0,0,109.7
Wan'Dale Robinson,WR,NYG,,0,0,0,0,0,3.5,21.5,0.1,,79.5,54.8,529.1,2,95.1
Daniel Carlson,K,LV,,0,0,0,0,0,0,0,0,,0,0,0,0,165.4
Will Reichard,K,MIN,,0,0,0,0,0,0,0,0,,0,0,0,0,165.6
Jalen McMillan,WR,TB,,0,0,0,0,0,4.6,23.6,0.1,,60.9,38.2,487.1,3.8,93.6
Matt Gay,K,WAS,,0,0,0,0,0,0,0,0,,0,0,0,0,169.1
Washington Commanders,DST,WAS,,0,0,0,0,0,0,0,0,,0,0,0,0,108.6
New York Jets,DST,NYJ,,0,0,0,0,0,0,0,0,,0,0,0,0,108.3
Cameron Ward,QB,TEN,,320.1,510.9,3502,20.5,12.6,60.2,269.6,2,,0,0,0,0,289.4
Isaac Guerendo,RB,SF,,0,0,0,0,0,108.4,464.1,3.6,,15.1,11.4,87.6,0.4,84.9
Dalton Schultz,TE,HOU,,0,0,0,0,0,0,0,0,,73.7,48.8,510.5,2.5,90.5
Jack Bech,WR,LV,,0,0,0,0,0,0,0,0,,63.6,41.5,529.5,3,91.7
Miami Dolphins,DST,MIA,,0,0,0,0,0,0,0,0,,0,0,0,0,107.5
Jason Myers,K,SEA,,0,0,0,0,0,0,0,0,,0,0,0,0,162.9
Chicago Bears,DST,CHI,,0,0,0,0,0,0,0,0,,0,0,0,0,107
Juwan Johnson,TE,NO,,0,0,0,0,0,0,0,0,,67.8,48,485.2,2.7,88.7
Nick Chubb,RB,HOU,,0,0,0,0,0,106.9,470.3,3.6,,13.9,10.1,79.7,0.2,82.9
New York Giants,DST,NYG,,0,0,0,0,0,0,0,0,,0,0,0,0,105.7
Darren Waller,TE,MIA,,0,0,0,0,0,0,0,0,,66.5,44.1,490.6,2.8,87.9
Michael Wilson,WR,ARZ,,0,0,0,0,0,0,0,0,,64.3,43.2,500.6,3.1,90.3
Rico Dowdle,RB,CAR,,0,0,0,0,0,89,390.8,2.3,,26.5,19.8,138.5,0.8,81.4
New England Patriots,DST,NE,,0,0,0,0,0,0,0,0,,0,0,0,0,104.6
Blake Grupe,K,NO,,0,0,0,0,0,0,0,0,,0,0,0,0,156
Cleveland Browns,DST,CLE,,0,0,0,0,0,0,0,0,,0,0,0,0,103.9
Darius Slayton,WR,NYG,,0,0,0,0,0,1.8,8.9,0,,64.9,35.8,509.1,2.9,87.1
Cairo Santos,K,CHI,,0,0,0,0,0,0,0,0,,0,0,0,0,161.4
Indianapolis Colts,DST,IND,,0,0,0,0,0,0,0,0,,0,0,0,0,102.6
Andy Borregales,K,NE,,0,0,0,0,0,0,0,0,,0,0,0,0,158.6
Roschon Johnson,RB,CHI,,0,0,0,0,0,78.9,323.1,3.5,,23.6,18.3,121.1,0.8,79.4
Dustin Hopkins,K,CLE,,0,0,0,0,0,0,0,0,,0,0,0,0,156
Spencer Shrader,K,IND,,0,0,0,0,0,0,0,0,,0,0,0,0,157
Joey Slye,K,TEN,,0,0,0,0,0,0,0,0,,0,0,0,0,155.1
Alec Pierce,WR,IND,,0,0,0,0,0,1.2,4.7,0,,64.4,34.3,507.6,3.1,87
Atlanta Falcons,DST,ATL,,0,0,0,0,0,0,0,0,,0,0,0,0,100.8
DeAndre Hopkins,WR,BAL,,0,0,0,0,0,0,0,0,,56.8,35.8,438.3,4.1,86.3
Dont'e Thornton Jr.,WR,LV,,0,0,0,0,0,0,0,0,,57.7,37.5,506.6,2.4,83.8
Cincinnati Bengals,DST,CIN,,0,0,0,0,0,0,0,0,,0,0,0,0,99.6
New Orleans Saints,DST,NO,,0,0,0,0,0,0,0,0,,0,0,0,0,99.2
Jaylen Wright,RB,MIA,,0,0,0,0,0,87.1,374.9,2.7,,19.3,14.7,104.5,0.8,76.3
Ja'Tavion Sanders,TE,CAR,,0,0,0,0,0,0,0,0,,61.3,44.2,448.4,2.4,81.3
Graham Gano,K,NYG,,0,0,0,0,0,0,0,0,,0,0,0,0,156.5
Jacksonville Jaguars,DST,JAX,,0,0,0,0,0,0,0,0,,0,0,0,0,98.1
Miles Sanders,RB,DAL,,0,0,0,0,0,103.1,435,2.6,,17.1,12.5,82.4,0.2,74.8
Andrei Iosivas,WR,CIN,,0,0,0,0,0,0,0,0,,56.2,34,406.8,4.1,82.3
Jaylin Noel,WR,HOU,,0,0,0,0,0,0,0,0,,58.6,37,457,2.9,81.6
Las Vegas Raiders,DST,LV,,0,0,0,0,0,0,0,0,,0,0,0,0,95.8
Tennessee Titans,DST,TEN,,0,0,0,0,0,0,0,0,,0,0,0,0,95.5
Diontae Johnson,WR,CLE,,0,0,0,0,0,1.1,4.3,0,,67.6,36.8,454,2.8,81
Theo Johnson,TE,NYG,,0,0,0,0,0,0,0,0,,57.7,39.8,427.4,2.4,77
Tyler Lockett,WR,TEN,,0,0,0,0,0,0.9,3.4,0,,57,37,417.2,2.9,78
MarShawn Lloyd,RB,GB,,0,0,0,0,0,77.9,317.4,2.1,,24.1,18.5,131.9,0.8,71.6
Sam Darnold,QB,SEA,,314.1,480.1,3462.7,19.8,11.8,54.3,192.3,1.6,,0,0,0,0,274.3
Blake Corum,RB,LAR,,0,0,0,0,0,89.4,371.3,2.8,,15.3,12.5,89.6,0.3,70.9
Carolina Panthers,DST,CAR,,0,0,0,0,0,0,0,0,,0,0,0,0,92.6
Dyami Brown,WR,JAX,,0,0,0,0,0,0,0,0,,53,33.7,426.7,2.3,73.3
Cole Kmet,TE,CHI,,0,0,0,0,0,0,0,0,,51,39.7,366.7,2.7,72.7
Kareem Hunt,RB,KC,,0,0,0,0,0,70.8,282.8,2.8,,16.4,12.8,84.6,0.7,64.1
Jalen Coker,WR,CAR,,0,0,0,0,0,0,0,0,,51.1,33.7,412.7,2.4,72.5
Tutu Atwell,WR,LAR,,0,0,0,0,0,3.7,20.3,0,,50.1,31.8,392.2,1.8,68
Will Shipley,RB,PHI,,0,0,0,0,0,70.1,296.3,2.2,,17.8,14,101.7,0.3,61.8
Woody Marks,RB,HOU,,0,0,0,0,0,52.5,222.1,1.4,,26.1,20.1,146.3,1,61.3
Jarquez Hunter,RB,LAR,,0,0,0,0,0,73.1,315.9,2.3,,14.8,9.9,72.6,0.3,59.4
Calvin Austin III,WR,PIT,,0,0,0,0,0,2.5,13.6,0.1,,50.3,30.2,384,2,67.5
Pat Bryant,WR,DEN,,0,0,0,0,0,0,0,0,,47.6,30,367,2.4,66.1
Terrance Ferguson,TE,LAR,,0,0,0,0,0,0,0,0,,45.7,31.5,318.7,2.5,62.6
Elic Ayomanor,WR,TEN,,0,0,0,0,0,0,0,0,,51.7,31.3,385.5,1.9,65.6
Justice Hill,RB,BAL,,0,0,0,0,0,30.1,137,0.8,,31.4,23.9,196.6,1.1,56.7
Adonai Mitchell,WR,IND,,0,0,0,0,0,3.3,18.1,0,,50.9,27.1,366.8,2.1,64.6
Dontayvion Wicks,WR,GB,,0,0,0,0,0,0,0,0,,48.3,26,354.9,2.5,63.5
Noah Gray,TE,KC,,0,0,0,0,0,0,0,0,,41.4,31.9,307.4,2.3,60.5
Jalen Royals,WR,KC,,0,0,0,0,0,0,0,0,,39.6,25.5,328.7,2.4,60
Jacory Croskey-Merritt,RB,WAS,,0,0,0,0,0,54.2,229.2,1.9,,19,15.2,104.5,0.3,54.2
Tyler Higbee,TE,LAR,,0,0,0,0,0,0,0,0,,44.5,31.3,295.8,2.3,59
Brashard Smith,RB,KC,,0,0,0,0,0,54.5,228.1,1.5,,18.6,14.5,103.5,0.4,51.8
Harold Fannin Jr.,TE,CLE,,0,0,0,0,0,0,0,0,,42.3,30.2,310.9,1.7,56.4
Nick Westbrook-Ikhine,WR,MIA,,0,0,0,0,0,0,0,0,,41.3,23.8,329.7,2.4,59.3
Josh Reynolds,WR,NYJ,,0,0,0,0,0,0.8,3,0,,41.2,25.4,319.1,2.3,58.7
Tyler Conklin,TE,LAC,,0,0,0,0,0,0,0,0,,41.4,29,282.6,2.1,55.4
Kyle Monangai,RB,CHI,,0,0,0,0,0,64.4,262.6,2.1,,11.6,7.7,52.5,0.2,49.2
Jalen Tolbert,WR,DAL,,0,0,0,0,0,0,0,0,,41.6,25.4,308.5,2.2,56.8
Ben Sinnott,TE,WAS,,0,0,0,0,0,1,3.6,0,,36.9,26.5,266.2,2.2,53.4
Roman Wilson,WR,PIT,,0,0,0,0,0,0,0,0,,42.8,27,314.7,1.9,56.4
Devaughn Vele,WR,DEN,,0,0,0,0,0,0,0,0,,39.8,27.1,298.7,2.1,56
Jalen Nailor,WR,MIN,,0,0,0,0,0,1,6.5,0,,41.5,24.9,296.2,2.1,55.3
Malik Washington,WR,MIA,,0,0,0,0,0,4.7,26.4,0.1,,36,24,287,1.7,54.1
Kendre Miller,RB,NO,,0,0,0,0,0,56.1,235.4,1.4,,13.9,10.7,75.3,0.2,46
Noah Brown,WR,WAS,,0,0,0,0,0,0,0,0,,39,24.4,295.8,1.7,52
Oronde Gadsden,TE,LAC,,0,0,0,0,0,0,0,0,,39.4,26.7,262.7,1.7,49.8
Taysom Hill,TE,NO,,0,0,0,0,0,30.6,151.9,1.5,,20,14.2,121.3,1,49.4
KaVontae Turpin,WR,DAL,,0,0,0,0,0,11.1,64.4,0.2,,30.3,18.9,228.3,1.9,51.3
Elijah Moore,WR,BUF,,0,0,0,0,0,3.7,20.8,0.1,,38.7,23.2,264.4,1.7,50.9
Tre Tucker,WR,LV,,0,0,0,0,0,7.2,39.9,0.1,,34.7,21.5,277.6,1.3,50.9
Ray-Ray McCloud III,WR,ATL,,0,0,0,0,0,3.7,19.7,0.1,,40.1,25.8,260.3,1.4,49.9
Michael Mayer,TE,LV,,0,0,0,0,0,0,0,0,,35.4,24.6,246.8,1.7,47.2
Brandin Cooks,WR,NO,,0,0,0,0,0,0.7,2.7,0,,41.2,23.5,282.3,1.6,49.9
Tory Horton,WR,SEA,,0,0,0,0,0,0,0,0,,38.4,23.1,288.7,1.4,48.8
DJ Giddens,RB,IND,,0,0,0,0,0,50.1,214.6,1.2,,11.8,8.4,61.9,0.2,40.3
Marquez Valdes-Scantling,WR,SEA,,0,0,0,0,0,0,0,0,,33.8,18,287.8,1.7,48
AJ Barner,TE,SEA,,0,0,0,0,0,0,0,0,,32.6,23.1,237.6,1.6,44.9
Jordan James,RB,SF,,0,0,0,0,0,41.4,171.9,1.5,,13.3,8.8,64.9,0.3,38.9
Jaylin Lane,WR,WAS,,0,0,0,0,0,2.9,15.2,0,,32.4,20.2,257.3,1.7,47.6
Isaac TeSlaa,WR,DET,,0,0,0,0,0,0,0,0,,34.2,20.5,266.4,1.6,46.5
Raheem Mostert,RB,LV,,0,0,0,0,0,46.4,197.4,1.2,,9.4,7.7,54.7,0.2,37.5
Will Dissly,TE,LAC,,0,0,0,0,0,0,0,0,,32.3,24.9,225.5,1.3,42.8
Troy Franklin,WR,DEN,,0,0,0,0,0,0.9,5.7,0,,30.7,17.9,238.5,1.9,44.8
Elijah Mitchell,RB,KC,,0,0,0,0,0,36.7,156.8,1.3,,12.7,9.5,66.3,0.2,36.1
Austin Hooper,TE,NE,,0,0,0,0,0,0,0,0,,30.3,21,211.5,1.6,41.3
Devin Neal,RB,NO,,0,0,0,0,0,46.5,192.2,1.3,,9.3,6.2,44.4,0.2,35.8
Tahj Brooks,RB,CIN,,0,0,0,0,0,41.7,171.8,0.9,,13.5,9,64.5,0.3,35.3
Jordan Whittington,WR,LAR,,0,0,0,0,0,0.9,6.2,0,,29,19.6,234.9,1.6,43.5
Jermaine Burton,WR,CIN,,0,0,0,0,0,0,0,0,,28.5,17.3,227.5,2,43.4
Keaton Mitchell,RB,BAL,,0,0,0,0,0,45.1,197.8,1.2,,4.4,4.4,35.1,0.1,33.3
Tai Felton,WR,MIN,,0,0,0,0,0,0,0,0,,32.4,19.4,245.1,1.4,42.6
Dawson Knox,TE,BUF,,0,0,0,0,0,0,0,0,,26,17.7,191.7,1.9,39.4
Ty Johnson,RB,BUF,,0,0,0,0,0,25.7,110.9,0.8,,13.7,9.6,93.2,0.6,33.6
Greg Dortch,WR,ARZ,,0,0,0,0,0,3.1,19.1,0,,30.8,22.1,220.1,1.2,42.2
Tim Patrick,WR,DET,,0,0,0,0,0,0,0,0,,24.6,16.4,205.2,1.6,38.3
Trevor Etienne,RB,CAR,,0,0,0,0,0,39.8,170.7,0.8,,11.5,7.7,56,0.2,32.5
Luke Musgrave,TE,GB,,0,0,0,0,0,0,0,0,,25.9,18.5,187.4,1.5,37
Foster Moreau,TE,NO,,0,0,0,0,0,0,0,0,,25.4,17.7,190,1.5,36.9
Sean Tucker,RB,TB,,0,0,0,0,0,36.7,160.7,1.2,,7,5.6,39.5,0.1,30.6
A.J. Dillon,RB,PHI,,0,0,0,0,0,41.2,167,1.1,,5.3,5.3,38.4,0.1,30.4
Ollie Gordon II,RB,MIA,,0,0,0,0,0,33,138.8,1.1,,8.2,6.8,47.2,0.2,29.8
Isaiah Davis,RB,NYJ,,0,0,0,0,0,34.5,145.7,0.6,,10.2,8.2,56.8,0.2,29.2
Luke McCaffrey,WR,WAS,,0,0,0,0,0,0,0,0,,29,18.5,213,1.2,37.8
Jaleel McLaughlin,RB,DEN,,0,0,0,0,0,29.1,128.5,0.5,,11.9,9.5,61.7,0.3,28.6
Parker Washington,WR,JAX,,0,0,0,0,0,0,0,0,,31.1,18.6,211.4,1.1,37
Kyle Juszczyk,RB,SF,,0,0,0,0,0,6.9,27.5,0.1,,20.1,15.1,127.3,0.6,27.2
Demarcus Robinson,WR,SF,,0,0,0,0,0,0,0,0,,26.4,14.2,203.7,1.5,36.5
Gunnar Helm,TE,TEN,,0,0,0,0,0,0,0,0,,26.3,16.9,163.3,1.3,32.6
Mack Hollins,WR,NE,,0,0,0,0,0,0,0,0,,24.8,14.9,203.9,1.3,35.6
Devin Singletary,RB,NYG,,0,0,0,0,0,36.1,144.2,0.7,,9.3,6.2,40.6,0.2,27
Josh Oliver,TE,MIN,,0,0,0,0,0,0,0,0,,24.5,17,168.7,1.1,32
Samaje Perine,RB,CIN,,0,0,0,0,0,16.4,65.7,0.3,,14.7,12.2,91.6,0.4,26
Savion Williams,WR,GB,,0,0,0,0,0,9.6,52.3,0.3,,19.9,12,137.6,1.2,34
Kenneth Gainwell,RB,PIT,,0,0,0,0,0,27.4,113.2,0.7,,10.3,7.5,52.3,0.2,25.7
Luke Schoonmaker,TE,DAL,,0,0,0,0,0,0,0,0,,24.1,16.1,152.3,1.3,31.1
Antonio Gibson,RB,NE,,0,0,0,0,0,28.5,115,0.5,,11.9,8,56.8,0.2,25.4
Damien Martinez,RB,SEA,,0,0,0,0,0,28.8,120.3,0.6,,10.6,7.1,48.1,0.2,25.2
Kayshon Boutte,WR,NE,,0,0,0,0,0,0,0,0,,24.1,16.1,196.7,1,33.7
Emari Demercado,RB,ARZ,,0,0,0,0,0,18.6,80.9,0.4,,14.3,11,74,0.2,24.6
Alexander Mattison,RB,MIA,,0,0,0,0,0,26.3,103.8,0.9,,9.1,6,43.8,0.2,24.4
Xavier Restrepo,WR,TEN,,0,0,0,0,0,0,0,0,,25,16.1,186,1.1,33.3
KeAndre Lambert-Smith,WR,LAC,,0,0,0,0,0,0,0,0,,23.3,15.5,192.7,0.9,32.4
Aaron Rodgers,QB,PIT,,264.7,402.7,2838.7,17.6,8.8,24.1,76.7,0.8,,0,0,0,0,222.8
Cade Stover,TE,HOU,,0,0,0,0,0,0,0,0,,21.7,15.8,150.9,1.1,29.6
Sincere McCormick,RB,LV,,0,0,0,0,0,25.6,105.9,0.9,,6.6,5.5,37.3,0.1,23.1
Chimere Dike,WR,TEN,,0,0,0,0,0,0.7,4.7,0,,22.9,14.4,182.6,0.9,31.3
Dameon Pierce,RB,HOU,,0,0,0,0,0,33.4,128,0.7,,4.5,3.5,24.9,0.1,21.8
Tommy Tremble,TE,CAR,,0,0,0,0,0,0,0,0,,20.5,13.6,138.2,1.2,27.8
Christian Watson,WR,GB,,0,0,0,0,0,1.7,9.2,0,,19.3,10.8,168.9,1.3,31
Allen Lazard,WR,NYJ,,0,0,0,0,0,0,0,0,,22.3,13.6,172.4,1,30
Julian Hill,TE,MIA,,0,0,0,0,0,0,0,0,,20.6,13.8,135.3,1.1,27
Curtis Samuel,WR,BUF,,0,0,0,0,0,2.8,14.2,0,,19.7,13.4,141.2,1,28.2
Khalil Herbert,RB,IND,,0,0,0,0,0,25.5,109.4,0.6,,4.7,4.7,32.3,0.1,20.7
Emanuel Wilson,RB,GB,,0,0,0,0,0,22.8,97.3,0.6,,6.7,5.4,36.7,0.1,20.3
Chris Brooks,RB,GB,,0,0,0,0,0,24.6,109.8,0,,9.3,7.5,50.4,0,19.8
Phil Mafah,RB,DAL,,0,0,0,0,0,24.3,96.2,0.6,,5,3.9,34,0.2,19.8
Elijah Higgins,TE,ARZ,,0,0,0,0,0,0,0,0,,18.4,14,129.7,0.9,25.4